name,   price   ,genericname,category,   costprice   ,unit,   minstock   ,requiresprescription
ABDOMINAL BELT XXL,"55,000.00",ABDOMINAL BELT XXL,,"22,300.00",,2,
ABITOL TABS 4MG,"7,500.00",ABITOL TABS 4MG,,"2,000.00",,   -     ,
ACECLOFENAC TABS,550,ACECLOFENAC TABS,,490,,750,
ACNE FREE TUBE,"8,500.00",ACNE FREE TUBE,,"6,831.95",,75,
ACRASON CREAM TUBE,"3,200.00",ACRASON CREAM TUBE,,"2,900.00",,   -     ,
ACTINAC PLUS TABLET,"3,000.00",ACTINAC PLUS TABLET,,"2,545.76",,225,
ACTION TAB,"7,000.00",ACTION TAB,,"6,250.00",,   -     ,
ACYCLOVIR EYE OINTMENT,"3,500.00",ACYCLOVIR EYE OINTMENT,,"3,000.00",,   -     ,
ACYCLOVIR SKIN CREAM TUBE,"1,700.00",ACYCLOVIR SKIN CREAM TUBE,,"1,280.06",,81,
ACYCLOVIR TAB 200MG,"11,900.00",ACYCLOVIR TAB 200MG,,"9,200.00",,52.5,
ADRENALINE INJ,"1,200.00",ADRENALINE INJ,,"1,154.54",,60,
ADULT DIAPERS,"1,250.00",ADULT DIAPERS,,944.14,,306,
ALBENDAZOLE SYRUP BOTTLE,700,ALBENDAZOLE SYRUP BOTTLE,,550,,"10,041.00",
ALBENDAZOLE TAB 2'S PACKET (ALB,310,ALBENDAZOLE TAB 2'S PACKET (ALB,,269.65,,"23,577.00",
ALLOPURINOL TAB 300MG 100'S,"8,900.00",ALLOPURINOL TAB 300MG 100'S,,"8,034.51",,   -     ,
ALTAPHAM SYRUP BOTTLE,"1,750.00",ALTAPHAM SYRUP BOTTLE,,"1,500.00",,   -     ,
ALU CAT 1,750,ALU CAT 1,,637.03,,30,
ALU CAT 2,"1,050.00",ALU CAT 2,,900,,   -     ,
ALU CAT 4 PACKET,"1,100.00",ALU CAT 4 PACKET,,802.82,,"23,677.00",
ALU SYRUP 60ML BOTTLE,"3,300.00",ALU SYRUP 60ML BOTTLE,,"2,700.00",,220,
ALUGEL SYRUP BOTTLE,"1,750.00",ALUGEL SYRUP BOTTLE,,"1,485.00",,3,
AMINOPHYLINE INJ,"1,150.00",AMINOPHYLINE INJ,,985,,55,
AMINOPHYLINE TAB PKT,"3,150.00",AMINOPHYLINE TAB PKT,,"2,400.00",,259,
AMITRIPTYLINE TAB,"9,800.00",AMITRIPTYLINE TAB,,"7,763.77",,1,
AMLODIPINE TAB 10MG,"2,250.00",AMLODIPINE TAB 10MG,,"1,500.84",,490,
AMLODIPINE TAB 5MG,"1,800.00",AMLODIPINE TAB 5MG,,"1,097.50",,366,
AMOL G CREAM TUBE,"3,100.00",AMOL G CREAM TUBE,,"2,700.00",,   -     ,
AMOX-CLAV SYRUP 228.5,"4,200.00",AMOX-CLAV SYRUP 228.5,,"3,400.00",,262,
AMOXCLAV TAB PACKET,"4,300.00",AMOXCLAV TAB PACKET,,"3,804.78",,"2,144.00",
AMOXLAV INJ,"3,950.00",AMOXLAV INJ,,"3,209.11",,408,
AMOXYLLIN CAP 250MG,"4,200.00",AMOXYLLIN CAP 250MG,,"3,461.30",,791,
AMOXYLLIN DT TABS,"7,700.00",AMOXYLLIN DT TABS,,"5,700.00",,126,
AMOXYLLINE SYRUP 100ML BOTTLE,"1,150.00",AMOXYLLINE SYRUP 100ML BOTTLE,,843.97,,"3,372.00",
AMPICILLIN + SULBACTUM 375MG TA,"15,000.00",AMPICILLIN + SULBACTUM 375MG TA,,"11,500.00",,   -     ,
AMPICILLIN CAPS 250MG,"7,600.00",AMPICILLIN CAPS 250MG,,"6,265.38",,   -     ,
AMPICILLIN INJ 500MG VIAL,950,AMPICILLIN INJ 500MG VIAL,,550,,171,
AMPICILLIN SYRUP 100ML BOTTLE,"1,350.00",AMPICILLIN SYRUP 100ML BOTTLE,,"1,100.00",,   -     ,
AMPICLOX CAPS 500MG,"10,000.00",AMPICLOX CAPS 500MG,,"8,542.20",,"4,693.00",
AMPICLOX INJ 500MG VIAL,850,AMPICLOX INJ 500MG VIAL,,650,,515,
AMPICLOX NEONATAL,"3,100.00",AMPICLOX NEONATAL,,"2,450.00",,54,
AMPICLOX SYRUP 100ML BOTTLE,"1,850.00",AMPICLOX SYRUP 100ML BOTTLE,,"1,450.00",,296,
ANT-RABIES IMMUNOGLOBIN,"24,500.00",ANT-RABIES IMMUNOGLOBIN,,"20,022.59",,101,
ANTI-D IMMUNOGLOBULIN,"170,000.00",ANTI-D IMMUNOGLOBULIN,,"121,000.00",,3,
ANTIHISTAMINE CREAM TUBE,"1,450.00",ANTIHISTAMINE CREAM TUBE,,"1,150.00",,37,
ANUSOL OINTMENT TUBE,"13,000.00",ANUSOL OINTMENT TUBE,,"7,500.00",,   -     ,
ANUSOL SUPOSSITORY TABS,"1,400.00",ANUSOL SUPOSSITORY TABS,,"1,033.60",,   -     ,
APCALIS CT 20MG,"3,000.00",APCALIS CT 20MG,,"2,625.00",,   -     ,
APDYL- H HERBAL SYRUP,"2,100.00",APDYL- H HERBAL SYRUP,,"1,950.00",,   -     ,
ARTEMETHER INJ 80MG,600,ARTEMETHER INJ 80MG,,467,,555,
ARTEQUICK TAB 6s PACKET,"8,400.00",ARTEQUICK TAB 6s PACKET,,"7,250.00",,13,
ARTESUNATE INJ 30MG,"2,900.00",ARTESUNATE INJ 30MG,,"2,500.00",,   -     ,
ARTESUNATE INJ. 60MG,"2,700.00",ARTESUNATE INJ. 60MG,,"1,800.00",,   -     ,
ASCARD TAB 75MG,"2,300.00",ASCARD TAB 75MG,,"1,800.00",,118,
ASCORIL D SYRUP,"3,400.00",ASCORIL D SYRUP,,"2,700.00",,45,
ATENOLOL TAB 50MG,"3,400.00",ATENOLOL TAB 50MG,,"2,303.95",,47,
ATORVASTATIN TAB 10MG,"2,500.00",ATORVASTATIN TAB 10MG,,"2,215.54",,66,
ATORVASTATIN TABS 20MG,"2,900.00",ATORVASTATIN TABS 20MG,,"1,614.63",,70,
ATROPINE INJ,"1,350.00",ATROPINE INJ,,997.11,,110,
AZITHROMYCIN SYRUP BOTTLE 15MLS,"1,750.00",AZITHROMYCIN SYRUP BOTTLE 15MLS,,"1,300.00",,105,
AZITHROMYCIN TAB 500MG NOT AZUM,"1,300.00",AZITHROMYCIN TAB 500MG NOT AZUM,,"1,100.14",,"1,010.00",
AZUMA TAB 250MG,"1,450.00",AZUMA TAB 250MG,,"1,100.00",,164,
AZUMA TAB 500MG,"2,150.00",AZUMA TAB 500MG,,"1,800.54",,"2,709.00",
BABY WIPES,"2,500.00",BABY WIPES,,"2,750.00",,   -     ,
BAHASHA KAKI 100'S,"1,000.00",BAHASHA KAKI 100'S,,719.9,,70,
BAHASHA KAKI KUBWA 120'S,"6,000.00",BAHASHA KAKI KUBWA 120'S,,"4,687.75",,   -     ,
BBE SOLUTION,"1,000.00",BBE SOLUTION,,754.2,,199,
BELLADONA SYRUP 100ML BOTTLE,"1,300.00",BELLADONA SYRUP 100ML BOTTLE,,"1,000.00",,359,
BENDROFLUMETHIAZIDE TAB,"6,500.00",BENDROFLUMETHIAZIDE TAB,,"6,100.13",,33,
BENZATHINE PENICILLIN INJ PENAD,950,BENZATHINE PENICILLIN INJ PENAD,,796.34,,126,
BENZYL PENICILLIN INJ 5000000IU,950,BENZYL PENICILLIN INJ 5000000IU,,800,,146,
BETACORT N CREAM,"2,350.00",BETACORT N CREAM,,"2,050.20",,320,
BETADERM CREAM,"3,300.00",BETADERM CREAM,,"2,652.07",,3,
BETASIL SYRUP CHILD,"2,200.00",BETASIL SYRUP CHILD,,"1,000.00",,   -     ,
BETROZOLE SYRUP,"2,450.00",BETROZOLE SYRUP,,"2,175.00",,113,
BISACODYL TAB,"4,500.00",BISACODYL TAB,,"3,700.04",,135,
BISOPROLOL TABLET 5MG,"10,500.00",BISOPROLOL TABLET 5MG,,"6,630.14",,123,
BISOPROLOL TABLET10MG,"10,800.00",BISOPROLOL TABLET10MG,,"8,693.92",,210,
BLOOD GIVING SET,"1,400.00",BLOOD GIVING SET,,610.69,,21,
BONISAN,"8,000.00",BONISAN,,"6,794.12",,   -     ,
BORIC ACID EAR DROP BOTTLE,"1,000.00",BORIC ACID EAR DROP BOTTLE,,650,,18,
BROMOCRIPTINE TAB,"18,900.00",BROMOCRIPTINE TAB,,"16,500.00",,4,
BROZEN SYRUP 100ML BOTTLE,"2,250.00",BROZEN SYRUP 100ML BOTTLE,,857.12,,139,
BRUSTAN TAB PACKET,"2,000.00",BRUSTAN TAB PACKET,,"1,852.91",,3,
BURN CREAM 20G,"1,800.00",BURN CREAM 20G,,"1,100.00",,38,
BURNOX CREAM 30G TUBE,"2,100.00",BURNOX CREAM 30G TUBE,,"1,838.80",,   -     ,
BURRETE GIVING SET,"2,800.00",BURRETE GIVING SET,,"2,350.00",,74,
CALAMINE LOTION BOTTLE,"1,200.00",CALAMINE LOTION BOTTLE,,762.2,,109,
CANDESARTAN TABS 16MG,"13,800.00",CANDESARTAN TABS 16MG,,"12,066.79",,153,
CANDESARTAN TABS 8MG 30's,"7,900.00",CANDESARTAN TABS 8MG 30's,,"6,418.13",,100,
CANDID POWDER,"3,700.00",CANDID POWDER,,"3,455.00",,22,
CANDIDERM CREAM TUBE,"2,300.00",CANDIDERM CREAM TUBE,,"2,150.00",,   -     ,
CANDISTAT CREAM TUBE,"1,350.00",CANDISTAT CREAM TUBE,,"1,073.21",,33,
CANNULA 18G GREEN,300,CANNULA 18G GREEN,,185.09,,248,
CANNULA 20G PINK,300,CANNULA 20G PINK,,175.13,,446,
CANNULA 22G BLUE,300,CANNULA 22G BLUE,,207.07,,312,
CANNULA 24G YELLOW,300,CANNULA 24G YELLOW,,180.68,,"2,709.00",
CAPTOPRIL TAB 25MG,"8,900.00",CAPTOPRIL TAB 25MG,,"6,215.27",,   -     ,
CARBAMAZEPINE TABS 200MG,"11,500.00",CARBAMAZEPINE TABS 200MG,,"9,362.52",,   -     ,
CARBOCISTEINE SYRUP ADULT 5%,"2,250.00",CARBOCISTEINE SYRUP ADULT 5%,,"1,900.00",,24,
CARBOCISTEINE SYRUP CHILD 2%,"2,250.00",CARBOCISTEINE SYRUP CHILD 2%,,"1,760.00",,77,
CARVEDILOL 12.5MG,"4,200.00",CARVEDILOL 12.5MG,,"3,806.80",,172,
CARVEDILOL 6.25MG,"3,700.00",CARVEDILOL 6.25MG,,"3,300.00",,161,
CASTOR OIL BOTTLE,"3,100.00",CASTOR OIL BOTTLE,,"2,700.00",,9,
CATHY SANITARY PADS,"4,000.00",CATHY SANITARY PADS,,"3,667.00",,   -     ,
CEFADROXIL CAPS 500MG 10'S,"3,650.00",CEFADROXIL CAPS 500MG 10'S,,"3,200.00",,80,
CEFIXIME 200MG TAB,"3,900.00",CEFIXIME 200MG TAB,,"3,119.59",,494,
CEFIXIME 400MG TAB,"8,800.00",CEFIXIME 400MG TAB,,"6,957.42",,"4,428.00",
CEFIXIME SYRUP,"3,950.00",CEFIXIME SYRUP,,"2,550.00",,   -     ,
CEFPODOXIME 200MG 10'S,"9,600.00",CEFPODOXIME 200MG 10'S,,"8,800.00",,   -     ,
CEFTRIAXONE + SULBACTAM INJ,"3,000.00",CEFTRIAXONE + SULBACTAM INJ,,"2,100.00",,697,
CEFTRIAXONE INJ 1G,"1,000.00",CEFTRIAXONE INJ 1G,,680.32,,201,
CEFUROXIME 250MG 10'S,"9,400.00",CEFUROXIME 250MG 10'S,,"7,729.03",,   -     ,
CELESTAMINE TABS,"13,000.00",CELESTAMINE TABS,,"7,500.00",,   -     ,
CEPHALEXIN CAP 500MG,"16,900.00",CEPHALEXIN CAP 500MG,,"14,179.84",,29,
CEPHALEXIN CAPS 250MG,"7,900.00",CEPHALEXIN CAPS 250MG,,"7,000.00",,1,
CEPHALEXIN SYRUP 100ML BOTTLE,"2,100.00",CEPHALEXIN SYRUP 100ML BOTTLE,,"1,405.36",,615,
CERVICAL COLLAR,"22,500.00",CERVICAL COLLAR,,"15,000.00",,   -     ,
CETRIZINE SYRUP BOTTLE,"1,350.00",CETRIZINE SYRUP BOTTLE,,804.73,,"4,010.00",
CETRIZINE TABS,"2,050.00",CETRIZINE TABS,,"1,529.86",,619,
CHESTCOF LOZENGES,"8,400.00",CHESTCOF LOZENGES,,"6,400.00",,68,
CHESTCOF SYRUP BOTTLE,"2,200.00",CHESTCOF SYRUP BOTTLE,,"1,800.00",,285,
CHLORAMPHENICOL CAPS,"7,950.00",CHLORAMPHENICOL CAPS,,"6,140.64",,327,
CHLORAMPHENICOL EYE DROP BOTTLE,550,CHLORAMPHENICOL EYE DROP BOTTLE,,325.37,,39,
CHLORAMPHENICOL EYE OINT TUBE,750,CHLORAMPHENICOL EYE OINT TUBE,,505.33,,"1,372.00",
CHLORAMPHENICOL SYRUP 100ML,"1,800.00",CHLORAMPHENICOL SYRUP 100ML,,"1,400.00",,422,
CHROMC CUTGUT NO. 2/0  P12,"18,000.00",CHROMC CUTGUT NO. 2/0  P12,,"11,580.00",,20,
CIFRAN CT-100,"4,300.00",CIFRAN CT-100,,"3,593.00",,255,
CIMETIDINE TAB 400MG,"25,500.00",CIMETIDINE TAB 400MG,,"24,300.00",,20,
CIPRO EYE/EAR DROP BOTTLE,"1,100.00",CIPRO EYE/EAR DROP BOTTLE,,400,,22,
CIPROFLOXACIN IV,900,CIPROFLOXACIN IV,,750,,110,
CIPROFLOXACIN TAB,"6,350.00",CIPROFLOXACIN TAB,,"4,790.89",,39,
CITAL SYRUP,"7,200.00",CITAL SYRUP,,"5,800.00",,140,
CLARITHROMYCIN 20'S TAB,"18,800.00",CLARITHROMYCIN 20'S TAB,,"14,560.00",,46,
CLEAV KIT,"30,000.00",CLEAV KIT,,"6,660.71",,77,
CLEAV TABS 4'S,"3,900.00",CLEAV TABS 4'S,,"2,300.00",,64,
CLINDAMYCIN CAPS 150MG,"7,900.00",CLINDAMYCIN CAPS 150MG,,"7,119.45",,   -     ,
CLINDAMYCIN GEL 1%,"2,500.00",CLINDAMYCIN GEL 1%,,"1,300.00",,64,
CLOMIPHENE TAB,"3,000.00",CLOMIPHENE TAB,,"2,700.00",,127,
CLOPIDOGREL TAB,"3,950.00",CLOPIDOGREL TAB,,"3,497.54",,148,
CLOTRILIN V CREAM,"1,350.00",CLOTRILIN V CREAM,,"1,000.00",,608,
CLOTRIMAZOLE CREAM (OTHERS) PRI,650,CLOTRIMAZOLE CREAM (OTHERS) PRI,,401.1,,486,
CLOTRIMAZOLE PESSARY 6s PACKET,"1,000.00",CLOTRIMAZOLE PESSARY 6s PACKET,,650,,"1,263.00",
COFFNIL HERBAL SYRUP,"1,800.00",COFFNIL HERBAL SYRUP,,"1,500.00",,347,
COFTA LOZENGES,"7,800.00",COFTA LOZENGES,,"6,596.83",,   -     ,
COLD CAP SYRUP,"3,000.00",COLD CAP SYRUP,,"2,500.00",,   -     ,
COLD OFF CAP,"7,950.00",COLD OFF CAP,,"7,550.00",,   -     ,
COLD OIL (SEVEN SEAS),"9,000.00",COLD OIL (SEVEN SEAS),,"8,000.00",,   -     ,
COLD VAN CAPS,"7,900.00",COLD VAN CAPS,,   -     ,,3,
COLDCAP 96'S CAPS,"14,400.00",COLDCAP 96'S CAPS,,"12,500.00",,   -     ,
COLDRIL CAPS,"2,100.00",COLDRIL CAPS,,"1,800.00",,443,
COLDRIL SYRUP BOTTLE,"2,000.00",COLDRIL SYRUP BOTTLE,,"1,601.98",,346,
COLGATE  140G,"3,900.00",COLGATE  140G,,"3,326.58",,   -     ,
COLGATE  70G,"2,300.00",COLGATE  70G,,"1,920.00",,61,
COLGATE CHARCOAL 120G,"4,700.00",COLGATE CHARCOAL 120G,,"4,400.00",,   -     ,
COLGATE MAXFRESH 130G,"4,000.00",COLGATE MAXFRESH 130G,,"3,792.00",,   -     ,
COLGATE MAXFRESH 65G,"2,300.00",COLGATE MAXFRESH 65G,,"2,000.00",,   -     ,
COLGATE MISWAKI,"1,400.00",COLGATE MISWAKI,,"1,151.86",,36,
"CONDOM BULL,KISS,LIFEGUARD",450,"CONDOM BULL,KISS,LIFEGUARD",,385.4,,"2,706.00",
CONDOM FIESTA,750,CONDOM FIESTA,,535.52,,30,
CONDOM FLAME,980,CONDOM FLAME,,780,,14,
CONDOM REGULAR (DUME),350,CONDOM REGULAR (DUME),,283.64,,   -     ,
COPHYDEX SYRUP BOTTLE,"1,950.00",COPHYDEX SYRUP BOTTLE,,"1,500.44",,2,
CORD CLAMP,250,CORD CLAMP,,111.17,,"1,410.00",
COTTON WOOL 100G,"1,300.00",COTTON WOOL 100G,,895.51,,620,
COTTON WOOL 50G,700,COTTON WOOL 50G,,505,,   -     ,
CREPE BANDAGE 10CM,"1,600.00",CREPE BANDAGE 10CM,,"1,079.31",,   -     ,
CREPE BANDAGE 15 CM,"1,900.00",CREPE BANDAGE 15 CM,,"1,268.92",,89,
CREPE BANDAGE 5CM,"1,200.00",CREPE BANDAGE 5CM,,736.76,,587,
CREPE BANDAGE 7.5 CM,"1,400.00",CREPE BANDAGE 7.5 CM,,648.2,,358,
DAWA TATU TABS,"9,300.00",DAWA TATU TABS,,"8,499.50",,36,
DAWA YA MBA LOTION 100ML BOTTLE,750,DAWA YA MBA LOTION 100ML BOTTLE,,550,,29,
DEEP HEAT SPRAY,"17,800.00",DEEP HEAT SPRAY,,"13,590.91",,54,
DENTAMOL TAB,"2,200.00",DENTAMOL TAB,,"1,956.31",,4,
DENTAWISS 125MLS,"3,400.00",DENTAWISS 125MLS,,"3,000.00",,   -     ,
DEPO PROVERA INJ,"1,600.00",DEPO PROVERA INJ,,"1,000.00",,185,
DEPROFOS INJ.,"22,000.00",DEPROFOS INJ.,,"18,000.00",,12,
DERMAQUIT CREAM 15MG,"3,500.00",DERMAQUIT CREAM 15MG,,"3,200.00",,6,
DESLORATADINE TABS 30'S,"8,000.00",DESLORATADINE TABS 30'S,,"5,493.29",,   -     ,
DETTOL BRND 60MLS,"1,950.00",DETTOL BRND 60MLS,,"1,672.14",,   -     ,
DETTOL SOAP,"1,300.00",DETTOL SOAP,,"1,583.33",,   -     ,
DETTOL SOAP JUNIOR,"1,280.00",DETTOL SOAP JUNIOR,,"1,007.00",,   -     ,
DETTOL SOAP KUBWA,"2,300.00",DETTOL SOAP KUBWA,,"2,222.22",,   -     ,
DETTOL SOLN 125ML,"3,950.00",DETTOL SOLN 125ML,,"3,650.00",,   -     ,
DETTOL SOLN 50MLS,"1,950.00",DETTOL SOLN 50MLS,,"1,668.00",,12,
DETTOL SOLUTION 100MLS BOTTLE,"1,350.00",DETTOL SOLUTION 100MLS BOTTLE,,"1,178.00",,   -     ,
DETTTOL SOLN 500MLS,"11,000.00",DETTTOL SOLN 500MLS,,"9,500.00",,   -     ,
DEXA-CHLORO EYE DROP BOTTLE,"1,750.00",DEXA-CHLORO EYE DROP BOTTLE,,"1,300.00",,175,
DEXA-GENTA EYE DROP,"2,150.00",DEXA-GENTA EYE DROP,,"1,700.00",,   -     ,
DEXA-NEO EYE DROP BOTTLE,950,DEXA-NEO EYE DROP BOTTLE,,769.46,,"1,139.00",
DEXAMETHASONE EYE DROPS,"1,200.00",DEXAMETHASONE EYE DROPS,,700,,960,
DEXAMETHASONE INJ,"1,400.00",DEXAMETHASONE INJ,,718.85,,100,
DEXAMETHASONE TAB,"10,950.00",DEXAMETHASONE TAB,,"9,500.00",,   -     ,
DEXTROSE 10%,"1,900.00",DEXTROSE 10%,,"1,325.00",,   -     ,
DEXTROSE 5%,"1,100.00",DEXTROSE 5%,,949.4,,   -     ,
DEXTROSE+ NORMAL SALINE (DNS),"1,100.00",DEXTROSE+ NORMAL SALINE (DNS),,950,,10,
DIAZEPAM INJ,"1,250.00",DIAZEPAM INJ,,"1,100.00",,50,
DIAZEPAM TABS PKT,"3,300.00",DIAZEPAM TABS PKT,,"2,000.00",,27,
DICLOFENAC GEL TUBE,750,DICLOFENAC GEL TUBE,,549.99,,102,
DICLOFENAC INJ 75MG AMP,250,DICLOFENAC INJ 75MG AMP,,150.17,,"2,555.00",
DICLOFENAC TABS PACKET,"1,700.00",DICLOFENAC TABS PACKET,,"1,160.24",,115,
DICLOPAR CHUI TABS PACKET,"4,800.00",DICLOPAR CHUI TABS PACKET,,"4,183.24",,532,
DICLOPAR GEL TUBE,"2,350.00",DICLOPAR GEL TUBE,,"2,099.70",,153,
DICLOPAR MR TAB,"1,300.00",DICLOPAR MR TAB,,"1,150.00",,1,
DIGOXIN TAB,"14,000.00",DIGOXIN TAB,,"9,000.00",,   -     ,
DOMPERIDONE 10MG TAB,"9,800.00",DOMPERIDONE 10MG TAB,,"7,750.00",,134,
DOXYCYCLINE CAPS PACKET,"6,400.00",DOXYCYCLINE CAPS PACKET,,"4,582.12",,82,
DR COLD SYRUP BOTTLE,"2,250.00",DR COLD SYRUP BOTTLE,,"2,097.01",,   -     ,
DR COLD TAB 4'S,340,DR COLD TAB 4'S,,292,,"1,800.00",
DUO-COTECXIN CHILD PACKET,"4,800.00",DUO-COTECXIN CHILD PACKET,,"3,578.49",,   -     ,
DUO-COTECXIN TAB ADULT 9s PACK,"7,900.00",DUO-COTECXIN TAB ADULT 9s PACK,,"6,250.00",,   -     ,
DUPHASTON TAB,"30,000.00",DUPHASTON TAB,,"19,820.28",,20,
ECONAZINE CREAM 10G,"2,500.00",ECONAZINE CREAM 10G,,"1,300.00",,50,
EKEFLIN TAB PACKET,"1,850.00",EKEFLIN TAB PACKET,,"1,655.42",,   -     ,
ELBOW SUPPORT XL,"12,400.00",ELBOW SUPPORT XL,,"8,850.00",,   -     ,
ELYCLOB G CREAM TUBE,"2,350.00",ELYCLOB G CREAM TUBE,,"2,200.00",,198,
ELYCORT CREAM TUBE,"1,850.00",ELYCORT CREAM TUBE,,"1,309.30",,275,
ELYCORT OINTMENT TUBE,"1,800.00",ELYCORT OINTMENT TUBE,,"1,550.00",,68,
ELYVATE CREAM TUBE,"1,450.00",ELYVATE CREAM TUBE,,"1,302.10",,141,
ELYVATE OINTMENT TUBE,"1,550.00",ELYVATE OINTMENT TUBE,,"1,375.25",,6,
EMDELYN SYRUP ADULT BOTTLE,"2,250.00",EMDELYN SYRUP ADULT BOTTLE,,"1,811.21",,131,
EMDELYN SYRUP CHILD 100ML,"1,950.00",EMDELYN SYRUP CHILD 100ML,,"1,800.00",,   -     ,
ENALAPRIL TAB,"8,000.00",ENALAPRIL TAB,,"6,555.00",,31,
ENEMAX,"5,600.00",ENEMAX,,"5,166.67",,46,
ENO LEMON SACHET,"16,200.00",ENO LEMON SACHET,,"13,710.16",,   -     ,
ENO TABS,"13,500.00",ENO TABS,,"11,097.67",,   -     ,
ENOXAPARIN INJ,"15,800.00",ENOXAPARIN INJ,,"13,500.00",,9,
ENTEZMA OINTMENT TUBE 30GM,"4,800.00",ENTEZMA OINTMENT TUBE 30GM,,"4,213.99",,   -     ,
EPHEDRINE INJ.,"1,200.00",EPHEDRINE INJ.,,535,,   -     ,
EPHEDRINE NASAL DROP ISORYN CHD,"1,850.00",EPHEDRINE NASAL DROP ISORYN CHD,,"1,550.00",,696,
EPHEDRINE NASAL ISORYN DROP ADT,"1,850.00",EPHEDRINE NASAL ISORYN DROP ADT,,"1,550.00",,34,
ERECTO TAB 100MG 1s  PACKET,"3,100.00",ERECTO TAB 100MG 1s  PACKET,,"2,785.00",,237,
ERECTO TAB 50MG 1s PACKET,"1,850.00",ERECTO TAB 50MG 1s PACKET,,"1,620.21",,778,
ERYTHROMYCIN TAB PACKET,"8,800.00",ERYTHROMYCIN TAB PACKET,,"7,976.67",,469,
ERYTHROMYCINE SYRUP 100ML BOTTL,"1,500.00",ERYTHROMYCINE SYRUP 100ML BOTTL,,"1,300.00",,756,
ESOMEPRAZOLE 40MG TABS,"5,900.00",ESOMEPRAZOLE 40MG TABS,,"5,350.00",,62,
EUSOL 100ML BOTTLE,550,EUSOL 100ML BOTTLE,,425,,22,
FASTUM CAP,"21,500.00",FASTUM CAP,,"19,500.00",,   -     ,
FASTUM GEL 30MG,"5,350.00",FASTUM GEL 30MG,,"4,600.00",,   -     ,
FEEDING TUBE SIZE 16,700,FEEDING TUBE SIZE 16,,550,,   -     ,
FEFO TAB 100s PACKET,"3,400.00",FEFO TAB 100s PACKET,,"2,749.43",,40,
FERRO/ FERROTONE B SYRUP 100ML,"1,800.00",FERRO/ FERROTONE B SYRUP 100ML,,   -     ,,   -     ,
FERROTONE CAPS 50'S,"7,950.00",FERROTONE CAPS 50'S,,"6,006.33",,   -     ,
FINASTERIDE TABS 5MG 30's,"12,500.00",FINASTERIDE TABS 5MG 30's,,"9,363.00",,88,
FLAMAR MX TABS PACKET,"3,950.00",FLAMAR MX TABS PACKET,,"3,650.00",,   -     ,
FLAVOUR TAB,400,FLAVOUR TAB,,182.5,,"2,332.00",
FLUCAMOX CAPS PACKET,"7,500.00",FLUCAMOX CAPS PACKET,,"6,809.62",,328,
FLUCAMOX SYRUP 100ML BOTTLE,"8,500.00",FLUCAMOX SYRUP 100ML BOTTLE,,"5,400.00",,9,
FLUCAN TAB 150MG,550,FLUCAN TAB 150MG,,450,,   -     ,
FLUCOMOL CAPS,"22,000.00",FLUCOMOL CAPS,,"18,250.00",,   -     ,
FLUCONAZOLE INJ,"2,350.00",FLUCONAZOLE INJ,,"1,997.04",,28,
FLUCONAZOLE TABS 150 MG LOW PRI,350,FLUCONAZOLE TABS 150 MG LOW PRI,,220,,   -     ,
FLUCONAZOLE TABS 200MG,"3,500.00",FLUCONAZOLE TABS 200MG,,"1,400.00",,423,
FLUCOR DAY,"3,200.00",FLUCOR DAY,,"3,200.00",,   -     ,
FLUTICASONE NASAL SPRAY,"11,300.00",FLUTICASONE NASAL SPRAY,,"8,000.00",,55,
FOLIC ACID TAB PKT,"1,950.00",FOLIC ACID TAB PKT,,"1,359.21",,39,
FOLLEY BALOON CATHETER 2 WAY 16,"1,100.00",FOLLEY BALOON CATHETER 2 WAY 16,,899.94,,532,
FOLLEY BALOON CATHETER 2 WAY 18,"1,100.00",FOLLEY BALOON CATHETER 2 WAY 18,,995.44,,508,
FREE STYLE PAD KUBWA,"1,600.00",FREE STYLE PAD KUBWA,,"1,625.00",,   -     ,
FREE STYLE PAD NDOGO,"1,600.00",FREE STYLE PAD NDOGO,,"1,562.50",,   -     ,
FUNGISTAT CREAM TUBE,"1,550.00",FUNGISTAT CREAM TUBE,,"1,250.15",,264,
FURAZOL SYRUP,"5,800.00",FURAZOL SYRUP,,   -     ,,   -     ,
FURAZOLE TABS,"3,950.00",FURAZOLE TABS,,"2,700.00",,   -     ,
FUROSEMIDE INJECTION,600,FUROSEMIDE INJECTION,,350.26,,397,
FUROSEMIDE TAB PKT,"2,850.00",FUROSEMIDE TAB PKT,,"2,379.67",,196,
FUSIDIC ACID TUBE,"5,000.00",FUSIDIC ACID TUBE,,"3,845.81",,   -     ,
GAUZE BANDAGE 15 CM 12s,300,GAUZE BANDAGE 15 CM 12s,,252.02,,703,
GAUZE BANDAGE 7.5 CM 12s,130,GAUZE BANDAGE 7.5 CM 12s,,104.17,,523,
GAUZE KUBWA,"29,000.00",GAUZE KUBWA,,"17,000.00",,19,
GENTALENE C CREAM TUBE,"3,200.00",GENTALENE C CREAM TUBE,,"2,800.00",,33,
GENTAMYCIN EYE DROP BOTTLE,450,GENTAMYCIN EYE DROP BOTTLE,,300,,85,
GENTAMYCIN INJ 80MG AMP,240,GENTAMYCIN INJ 80MG AMP,,130,,"2,279.00",
GENTIAN VIOLET GV BOTTLE,900,GENTIAN VIOLET GV BOTTLE,,482.26,,77,
GENTRIDERM CREAM TUBE,"2,850.00",GENTRIDERM CREAM TUBE,,"2,508.00",,50,
GENTRISONE CREAM TUBE,"3,150.00",GENTRISONE CREAM TUBE,,"2,950.00",,87,
GLIBENCLAMIDE TAB PACKET,"2,500.00",GLIBENCLAMIDE TAB PACKET,,"2,004.00",,19,
GLOVES EXAMINATION,"7,700.00",GLOVES EXAMINATION,,"6,329.93",,96,
GLOVES SURGICAL 1PAIR,500,GLOVES SURGICAL 1PAIR,,300,,35,
GLUCOPLUS MACHINE NO STRIPS,"40,000.00",GLUCOPLUS MACHINE NO STRIPS,,"33,000.00",,1,
GLUCOPLUS STRIPS 25'S,"22,500.00",GLUCOPLUS STRIPS 25'S,,"15,856.91",,4,
GLUCOSE 50G,390,GLUCOSE 50G,,305.56,,472,
GLUCOSE 80G,450,GLUCOSE 80G,,389.98,,363,
GOFEN 200MG(IBUPROFEN),"16,000.00",GOFEN 200MG(IBUPROFEN),,"12,750.00",,   -     ,
GOFEN 400MG(IBUPROFEN),"33,000.00",GOFEN 400MG(IBUPROFEN),,"31,495.34",,"1,503.00",
GOODMORNING LOZENGE PACKET,"7,600.00",GOODMORNING LOZENGE PACKET,,"7,200.00",,   -     ,
GOODMORNING SYRUP BOTTLE,"1,900.00",GOODMORNING SYRUP BOTTLE,,"1,655.45",,361,
GRIPE WATER BABY 100ML BOTTLE,"1,100.00",GRIPE WATER BABY 100ML BOTTLE,,853.15,,"7,680.00",
GRIPEWATER WWODWARD'S,"2,150.00",GRIPEWATER WWODWARD'S,,"1,950.00",,330,
GRISEOFLUVIN TAB 500MG PKT,"19,800.00",GRISEOFLUVIN TAB 500MG PKT,,"15,372.42",,130.6,
GYNAZOLE CREAM TUBE,"5,600.00",GYNAZOLE CREAM TUBE,,"4,800.00",,   -     ,
GYNAZOLE PESSARY 3s PACKET,"5,600.00",GYNAZOLE PESSARY 3s PACKET,,"5,300.00",,297,
HALOPERIDOL TAB,"7,400.00",HALOPERIDOL TAB,,"6,825.00",,   -     ,
HEDAPAN TABS,"4,500.00",HEDAPAN TABS,,   -     ,,   -     ,
HEDEX TABS PACKET,"8,900.00",HEDEX TABS PACKET,,"7,534.95",,49,
HEDON TABS PACKET,"4,100.00",HEDON TABS PACKET,,"3,816.88",,83,
HEKOTOS COUGH LOZENGES,"8,000.00",HEKOTOS COUGH LOZENGES,,"7,021.43",,   -     ,
HELIGO KIT TABS 42s PACKET,"28,500.00",HELIGO KIT TABS 42s PACKET,,"20,000.00",,147,
HEMOVIT CAPS 30'S,"4,500.00",HEMOVIT CAPS 30'S,,"2,333.33",,2,
HEMOVIT SYRUP 200ML BOTTLE,"4,500.00",HEMOVIT SYRUP 200ML BOTTLE,,"3,650.00",,10,
HIV KIT,"14,000.00",HIV KIT,,"12,644.23",,   -     ,
HOMADEX TABS ACKET,"8,800.00",HOMADEX TABS ACKET,,"6,500.00",,277,
HQ PAD 290MM,"3,500.00",HQ PAD 290MM,,"3,291.67",,   -     ,
HQ PAD 338MM,"3,500.00",HQ PAD 338MM,,"3,250.00",,   -     ,
HYDRALAZINE TAB,"15,800.00",HYDRALAZINE TAB,,"13,620.45",,   -     ,
HYDROCORTISINE EYE DROPS,"2,250.00",HYDROCORTISINE EYE DROPS,,"1,925.00",,   -     ,
HYDROCORTISINE INJ 100MG,"1,250.00",HYDROCORTISINE INJ 100MG,,800,,"1,305.00",
HYDROGEN PEROXIDE 3% BOTTLE,650,HYDROGEN PEROXIDE 3% BOTTLE,,350.24,,848,
HYDROGEN PEROXIDE 6%,600,HYDROGEN PEROXIDE 6%,,350.1,,339,
HYDROGEN PEROXIDE EAR DROP BTL,"1,250.00",HYDROGEN PEROXIDE EAR DROP BTL,,750,,156,
HYDROXUREA 500MG,"40,500.00",HYDROXUREA 500MG,,"37,000.00",,20,
HYOSCINE  TAB,"12,000.00",HYOSCINE  TAB,,"6,247.30",,41,
I.V PARACETAMOL,"2,100.00",I.V PARACETAMOL,,"1,755.90",,351,
IBUPROFEN SYRUP BOTTLE,"1,650.00",IBUPROFEN SYRUP BOTTLE,,"1,447.52",,   -     ,
IBUPROFEN TABS PKT,"2,450.00",IBUPROFEN TABS PKT,,"1,800.00",,120,
ILET B2,"9,950.00",ILET B2,,"5,627.71",,   -     ,
IMIQUAD CREAM,"14,800.00",IMIQUAD CREAM,,"13,800.00",,   -     ,
INDOMETHACIN CAPS  PACKET,"4,500.00",INDOMETHACIN CAPS  PACKET,,"3,098.04",,74,
INFLAZONE GEL TUBE,"2,350.00",INFLAZONE GEL TUBE,,"2,039.55",,1,
INSULIN LENTE,"11,800.00",INSULIN LENTE,,"9,000.00",,   -     ,
INSULIN MIXTARD,"11,500.00",INSULIN MIXTARD,,"8,500.00",,   -     ,
INSULIN SOLUBLE,"11,800.00",INSULIN SOLUBLE,,"7,750.30",,168,
IODINE TOPICAL BOTTLE,"1,250.00",IODINE TOPICAL BOTTLE,,905.37,,434,
ISOSORBIDE DINITRATE TAB,"7,500.00",ISOSORBIDE DINITRATE TAB,,"6,850.00",,   -     ,
ISOSORBIDE MONONITRATE TAB,"24,500.00",ISOSORBIDE MONONITRATE TAB,,"22,000.00",,   -     ,
ITRACONAZOLE 4'S CAPS,"2,750.00",ITRACONAZOLE 4'S CAPS,,"2,485.71",,   -     ,
IV GIVING SET,500,IV GIVING SET,,307.36,,"5,535.00",
IVYTUS SYRUP BOTTLE,"3,300.00",IVYTUS SYRUP BOTTLE,,   -     ,,   -     ,
JOINT SUPPORT TAB 30'S,550,JOINT SUPPORT TAB 30'S,,538.89,,210,
JUNIOR CARE SYRUP BOTTLE,"2,200.00",JUNIOR CARE SYRUP BOTTLE,,"1,899.16",,172,
KAMAGRA CT 100MG,"2,000.00",KAMAGRA CT 100MG,,"1,399.74",,21,
KETAMINE INJECTION,"8,900.00",KETAMINE INJECTION,,"6,904.33",,17,
KETOGESIC CAPS PACKET,"6,500.00",KETOGESIC CAPS PACKET,,   -     ,,   -     ,
KETOKONAZOLE CREAM TUBE 15G,"1,850.00",KETOKONAZOLE CREAM TUBE 15G,,932.93,,41,
KINHEAL CREAM,"2,450.00",KINHEAL CREAM,,"2,117.42",,345,
KNEE WRAP WITH LOOP ELASTIC TEC,"22,500.00",KNEE WRAP WITH LOOP ELASTIC TEC,,"15,500.00",,   -     ,
KOFLAME TABS  PACKET 10'S,"1,250.00",KOFLAME TABS  PACKET 10'S,,"1,100.00",,495,
KOFLYN SYRUP ADULT BOTTLE,"1,750.00",KOFLYN SYRUP ADULT BOTTLE,,"1,300.00",,585,
KOFLYN SYRUP CHILD BOTTLE,"1,750.00",KOFLYN SYRUP CHILD BOTTLE,,"1,207.12",,2,
KOFOL SYRUP,"1,850.00",KOFOL SYRUP,,949.04,,19,
KY GEL,"7,500.00",KY GEL,,"4,300.00",,67,
LACTOGEN 1 FORMULAR 400G,"25,000.00",LACTOGEN 1 FORMULAR 400G,,"18,000.00",,   -     ,
LACTULOSE 100ML BOTT,"3,800.00",LACTULOSE 100ML BOTT,,"3,500.00",,69,
LAEFIN TAB PACKET,850,LAEFIN TAB PACKET,,656.64,,"1,735.00",
LANSOPRAZOLE CAP 30's,"4,950.00",LANSOPRAZOLE CAP 30's,,"5,963.48",,296,
LEVAMISOLE SYRUP BOTTLE,"1,150.00",LEVAMISOLE SYRUP BOTTLE,,900.39,,"1,898.00",
LEVAMISOLE TAB 3s PACK,"4,450.00",LEVAMISOLE TAB 3s PACK,,"3,487.18",,40,
LEVOFLOXACIN TAB 10'S,"6,000.00",LEVOFLOXACIN TAB 10'S,,"4,240.57",,224,
LIGNOCAINE INJ.,"1,500.00",LIGNOCAINE INJ.,,548.34,,331,
LINCODERM CREAM TUBE,"1,900.00",LINCODERM CREAM TUBE,,"1,676.75",,   -     ,
LOPERAMIDE TAB,"7,400.00",LOPERAMIDE TAB,,"6,500.00",,-0.1,
LORATADINE SYRUP,"6,200.00",LORATADINE SYRUP,,"5,500.00",,   -     ,
LORATIDINE TAB 100'S,"7,800.00",LORATIDINE TAB 100'S,,"6,401.69",,51,
LOSARTAN-HYDROCHLOROTHIAZIDE TB,"3,500.00",LOSARTAN-HYDROCHLOROTHIAZIDE TB,,"2,259.09",,354,
LOSARTAN TAB 50MG,"2,950.00",LOSARTAN TAB 50MG,,"2,300.00",,196,
LUCIN CREAM TUBE,"1,400.00",LUCIN CREAM TUBE,,"1,000.00",,501,
LUCIN OINTMENT TUBE,"1,200.00",LUCIN OINTMENT TUBE,,"1,000.00",,240,
LUMERAX/LONART-DS 6TAB,"3,050.00",LUMERAX/LONART-DS 6TAB,,"2,650.00",,58,
M2 TONE TAB 60'S,"18,000.00",M2 TONE TAB 60'S,,"10,966.38",,36,
MAGNESIUM TAB BLISTER 100'S MAG,"1,650.00",MAGNESIUM TAB BLISTER 100'S MAG,,"1,450.00",,927,
MAJI MADOGO,400,MAJI MADOGO,,375,,   -     ,
MAJI MAKUBWA,800,MAJI MAKUBWA,,833.05,,   -     ,
MALAFIN 1PKT,790,MALAFIN 1PKT,,600.06,,"3,001.00",
MARAMOL TABS PACKET,"8,000.00",MARAMOL TABS PACKET,,   -     ,,   -     ,
MEBENDAZOLE 1TAB,"2,700.00",MEBENDAZOLE 1TAB,,"2,200.00",,65,
MEBENDAZOLE SYRUP BOTTLE,"1,050.00",MEBENDAZOLE SYRUP BOTTLE,,750.67,,"3,600.00",
MEBO OINTMENT TUBE,"16,000.00",MEBO OINTMENT TUBE,,"4,000.00",,   -     ,
MEDI-ORAL BOTTLE,"2,800.00",MEDI-ORAL BOTTLE,,"2,600.19",,130,
MEDIPLAST,"2,800.00",MEDIPLAST,,"2,498.93",,"4,167.00",
MEDIVEN CREAM TUBE,"1,350.00",MEDIVEN CREAM TUBE,,"1,015.40",,   -     ,
MEDIVEN OINTMENT TUBE,"1,350.00",MEDIVEN OINTMENT TUBE,,"1,001.87",,34,
MEFENAMIC ACID TAB PKT,"6,400.00",MEFENAMIC ACID TAB PKT,,"5,565.22",,11,
MELOXICAM TAB 15MG,"12,500.00",MELOXICAM TAB 15MG,,"8,047.10",,14,
MENTHO PLUS KUBWA,"1,700.00",MENTHO PLUS KUBWA,,   -     ,,   -     ,
MENTHO PLUS NDOGO,"1,400.00",MENTHO PLUS NDOGO,,   -     ,,   -     ,
MENTHODEX LOZENGES 6s PACKET,"3,650.00",MENTHODEX LOZENGES 6s PACKET,,"3,140.00",,   -     ,
MENTHODEX SYRUP 100MLS BOTTLE,"6,800.00",MENTHODEX SYRUP 100MLS BOTTLE,,"6,000.00",,241,
METFORMIN TAB PACKET,"3,300.00",METFORMIN TAB PACKET,,"2,500.00",,19,
METHYLATED SPIRIT 100ML,650,METHYLATED SPIRIT 100ML,,403.68,,454,
METHYLCELLULOSE EYE DROP,"4,900.00",METHYLCELLULOSE EYE DROP,,"3,600.00",,   -     ,
METHYLDOPA TAB PACKET,"12,500.00",METHYLDOPA TAB PACKET,,"9,500.00",,10,
METOCLOPOPAMIDE INJ,650,METOCLOPOPAMIDE INJ,,395,,"2,900.00",
METOCLOPOPAMIDE TAB,"11,000.00",METOCLOPOPAMIDE TAB,,"8,752.85",,3,
METOPROLOL TABS,"9,300.00",METOPROLOL TABS,,"8,500.00",,80,
METRO ORAL GEL (DENTA) TUBE,"3,350.00",METRO ORAL GEL (DENTA) TUBE,,"3,169.05",,132,
METRO SKIN GEL TUBE,"3,850.00",METRO SKIN GEL TUBE,,"3,500.00",,72,
METROGYL TAB COATED,"1,850.00",METROGYL TAB COATED,,"1,500.00",,"1,428.00",
METRONIDAZOLE INJ,950,METRONIDAZOLE INJ,,550,,614,
METRONIDAZOLE SYRUP 100ML BOTTL,"1,100.00",METRONIDAZOLE SYRUP 100ML BOTTL,,946.51,,"1,464.00",
METRONIDAZOLE TAB NOT COATED,"1,850.00",METRONIDAZOLE TAB NOT COATED,,"1,650.00",,   -     ,
MICONAZOLE CREAM OTHERSLOW PRIC,790,MICONAZOLE CREAM OTHERSLOW PRIC,,665,,392,
MICONAZOLE ORAL GEL TUBE,"2,400.00",MICONAZOLE ORAL GEL TUBE,,"2,000.00",,251,
MIFUPEN TAB  PACKET,"5,950.00",MIFUPEN TAB  PACKET,,"4,594.82",,25,
MISWAKI 550,550,MISWAKI 550,,417,,   -     ,
"MISWAKI YA 2,000/=","2,000.00","MISWAKI YA 2,000/=",,"1,100.00",,   -     ,
MISWAKI YA SH 500,250,MISWAKI YA SH 500,,183,,   -     ,
MONTELUKAST TAB 10MG,"12,000.00",MONTELUKAST TAB 10MG,,"7,500.00",,33,
MOSQUITOR REPELANT FAMILY 100ML,"1,550.00",MOSQUITOR REPELANT FAMILY 100ML,,"1,159.12",,   -     ,
MOSQUITOR REPELANT FAMILY 70ML,950,MOSQUITOR REPELANT FAMILY 70ML,,648.04,,   -     ,
MRDT KIT,"16,000.00",MRDT KIT,,"13,000.00",,   -     ,
MUCKINTOSH PER 1METRE,"4,000.00",MUCKINTOSH PER 1METRE,,"3,000.00",,206,
MUCOGEL SYRUP BOTTLE,"3,900.00",MUCOGEL SYRUP BOTTLE,,"3,080.00",,   -     ,
MUCOLYN SYRUP ADULT BOTTLE,"1,950.00",MUCOLYN SYRUP ADULT BOTTLE,,"1,631.92",,480,
MUCOLYN SYRUP CHILD BOTTLE,"1,950.00",MUCOLYN SYRUP CHILD BOTTLE,,"1,600.00",,459,
MULTIVITAMIN SYRUP 100ML BOTTLE,"1,450.00",MULTIVITAMIN SYRUP 100ML BOTTLE,,"1,200.00",,18,
MULTIVITAMIN TAB PKT,"9,500.00",MULTIVITAMIN TAB PKT,,"6,072.26",,134,
MUPIROCIN OINTMENT,"3,950.00",MUPIROCIN OINTMENT,,"2,637.19",,25,
MUSCLE PLUS TAB 20'S PKT,"3,000.00",MUSCLE PLUS TAB 20'S PKT,,"2,623.77",,191,
N.S NASAL SPRAY,"1,750.00",N.S NASAL SPRAY,,"1,401.14",,114,
NASAL GASTRIC FEEDING TUBE 10,800,NASAL GASTRIC FEEDING TUBE 10,,536.12,,   -     ,
NASAL GASTRIC FEEDING TUBE 16,"1,200.00",NASAL GASTRIC FEEDING TUBE 16,,850,,180,
NASAL GASTRIC FEEDING TUBE 18,800,NASAL GASTRIC FEEDING TUBE 18,,550,,   -     ,
NAT B TAB,"12,500.00",NAT B TAB,,"11,950.00",,6,
NATURAL TEARS DROP,"8,900.00",NATURAL TEARS DROP,,"8,500.00",,   -     ,
NAUMA GEL,"1,800.00",NAUMA GEL,,"1,401.12",,   -     ,
NEURO FORTE TABS,"6,950.00",NEURO FORTE TABS,,"6,224.11",,104,
NEURO SUPPORT TAB,450,NEURO SUPPORT TAB,,378.98,,"1,730.00",
NEUROBION FORTE 30'S TAB,"3,900.00",NEUROBION FORTE 30'S TAB,,"2,166.00",,43,
NEUROTON TAB,"13,500.00",NEUROTON TAB,,"10,500.00",,65,
NIFEDIPINE TAB,"3,900.00",NIFEDIPINE TAB,,"2,601.87",,28,
NITAZOXANIDE TABS 500MG,"6,800.00",NITAZOXANIDE TABS 500MG,,"4,624.46",,80,
NITROFURANTOIN TAB,"6,300.00",NITROFURANTOIN TAB,,"5,626.12",,   -     ,
NJOI TAB PACKET,600,NJOI TAB PACKET,,300,,"1,045.00",
NOR-T TAB 10'S,"1,950.00",NOR-T TAB 10'S,,"1,900.00",,949,
NORETHISTERONE TAB 30'S,"8,400.00",NORETHISTERONE TAB 30'S,,"6,300.00",,   -     ,
NORFLOXACIN TAB,"19,800.00",NORFLOXACIN TAB,,"17,000.00",,510,
NORMAL SALINE  (N.S) BOTTLE,"1,200.00",NORMAL SALINE  (N.S) BOTTLE,,942.13,,   -     ,
NORZOLE TAB BOX 10'S,"2,350.00",NORZOLE TAB BOX 10'S,,"1,400.00",,32,
NYLON SIZE 2,"2,400.00",NYLON SIZE 2,,"1,838.00",,12,
NYSTATIN PESSARIES,"1,650.00",NYSTATIN PESSARIES,,"1,400.00",,5,
NYSTATIN SUSPENSION ORAL BOTTLE,"1,600.00",NYSTATIN SUSPENSION ORAL BOTTLE,,"1,300.00",,204,
NYSTATIN TAB,"23,500.00",NYSTATIN TAB,,"17,000.00",,4,
OMEPRAZOLE CAP,"3,200.00",OMEPRAZOLE CAP,,"2,829.03",,133,
OMEPRAZOLE INJ,"3,450.00",OMEPRAZOLE INJ,,"3,000.00",,   -     ,
OPELELOTION BOTTLE,"3,100.00",OPELELOTION BOTTLE,,"2,669.15",,76,
ORACURE GEL,"5,500.00",ORACURE GEL,,"4,410.00",,7,
ORNIDAZOLE TABS 500MG,"47,400.00",ORNIDAZOLE TABS 500MG,,"36,134.92",,   -     ,
ORODAR TAB 3s PACKET,"2,000.00",ORODAR TAB 3s PACKET,,"1,700.00",,   -     ,
ORS SACHET,220,ORS SACHET,,180,,"11,082.00",
OSTEOMIN TABS 30's,"35,000.00",OSTEOMIN TABS 30's,,"18,907.69",,   -     ,
OXYTOCIN INJ,"1,300.00",OXYTOCIN INJ,,950,,234,
P.O.P 15CM,"1,600.00",P.O.P 15CM,,"1,108.54",,122,
P2 BRAND,"1,400.00",P2 BRAND,,"1,300.00",,300,
P2 TAB PACKET 1/P,"1,100.00",P2 TAB PACKET 1/P,,759.25,,"2,935.00",
P2 TABS 2/P,"1,400.00",P2 TABS 2/P,,"1,002.88",,"1,338.00",
PACIFY ORGANIC PADS,"3,000.00",PACIFY ORGANIC PADS,,"2,500.00",,48,
PAMBA STICK EAR 1000,750,PAMBA STICK EAR 1000,,500,,   -     ,
PAMBA STICK EAR 500,350,PAMBA STICK EAR 500,,375,,   -     ,
PAMPERS 0-6KG [14],"3,800.00",PAMPERS 0-6KG [14],,"3,373.82",,   -     ,
PAMPERS 0-6KG[48],"15,000.00",PAMPERS 0-6KG[48],,   -     ,,   -     ,
PAMPERS 6-9 [12],"3,800.00",PAMPERS 6-9 [12],,"2,840.91",,   -     ,
PAMPERS 6-9KG[42],"15,000.00",PAMPERS 6-9KG[42],,   -     ,,   -     ,
PAMPERS 9-15[40],"15,000.00",PAMPERS 9-15[40],,375,,   -     ,
PAMPERS 9-15KG[10],"3,800.00",PAMPERS 9-15KG[10],,"3,500.00",,   -     ,
PANADOL ADVANCE TAB,"8,900.00",PANADOL ADVANCE TAB,,"5,950.00",,133,
PANADOL EXTRA TAB,"11,000.00",PANADOL EXTRA TAB,,"9,600.00",,   -     ,
PANTOPRAZOLE INJ,"4,800.00",PANTOPRAZOLE INJ,,"2,400.00",,167,
PANTOPRAZOLE TAB 30'S,"4,400.00",PANTOPRAZOLE TAB 30'S,,"3,319.21",,202.4,
PARACETAMOL SUPPOSITORIES 10's,"6,900.00",PARACETAMOL SUPPOSITORIES 10's,,"5,000.00",,9,
PARACETAMOL SYRUP BOTTLE,"1,000.00",PARACETAMOL SYRUP BOTTLE,,840.58,,"9,153.00",
PARACETAMOL TABS PACKET,"1,450.00",PARACETAMOL TABS PACKET,,"1,082.84",,"2,846.00",
PARAFIN GAUZE,"1,000.00",PARAFIN GAUZE,,600,,460,
PEDZINC SYRUP BOTTLE,"2,100.00",PEDZINC SYRUP BOTTLE,,"1,359.17",,   -     ,
PEDZINC TAB PACKET,600,PEDZINC TAB PACKET,,498.89,,146,
PEN V SYRUP 100ML BOTTLE,"2,550.00",PEN V SYRUP 100ML BOTTLE,,"2,300.00",,   -     ,
PEN V TAB PACKET,"6,950.00",PEN V TAB PACKET,,"4,945.30",,76,
PERSOL 2.5 GEL TUBE,"3,350.00",PERSOL 2.5 GEL TUBE,,"3,000.84",,39,
PERSOL 5 GEL TUBE,"3,500.00",PERSOL 5 GEL TUBE,,"3,300.00",,66,
PERSOL FORTE TUBE,"4,150.00",PERSOL FORTE TUBE,,"3,619.53",,379,
PHAMACTIN SYRUP 100ML BOTTLE,"2,400.00",PHAMACTIN SYRUP 100ML BOTTLE,,"2,299.44",,54,
PHENOBABITONE INJECTION,"7,000.00",PHENOBABITONE INJECTION,,"3,460.36",,   -     ,
PHENOBARBITONE TAB 30MG PKT,"4,200.00",PHENOBARBITONE TAB 30MG PKT,,"3,000.00",,17,
PIRITON SYRUP BOTTLE,"1,250.00",PIRITON SYRUP BOTTLE,,"1,000.09",,291,
PIRITON TABS  PACKET,"1,550.00",PIRITON TABS  PACKET,,"1,200.00",,   -     ,
PIROXICAM CAP PACKET,"3,400.00",PIROXICAM CAP PACKET,,"2,700.00",,966,
PIROXICAM GEL B.P,"4,500.00",PIROXICAM GEL B.P,,"2,500.00",,   -     ,
PLASTER 1.25CM,700,PLASTER 1.25CM,,520,,202,
PLASTER 2.5 CM,"1,250.00",PLASTER 2.5 CM,,860,,11,
PLASTER 5 CM,"1,700.00",PLASTER 5 CM,,"1,342.35",,69,
PLASTER 7.5 CM,"2,050.00",PLASTER 7.5 CM,,"1,850.00",,149,
PODOPHYLLIN OINT.,"40,000.00",PODOPHYLLIN OINT.,,"32,000.00",,   -     ,
POTTASIUM PERMANGANATE 100MLS,800,POTTASIUM PERMANGANATE 100MLS,,510.74,,102,
POVIDONE IODINE 250MLS,"3,000.00",POVIDONE IODINE 250MLS,,509.2,,434,
PPF INJ,950,PPF INJ,,800,,17,
PRAZIQUANTEL TAB 600MG,"34,500.00",PRAZIQUANTEL TAB 600MG,,"30,406.55",,3.5,
PREDNISOLONE EYE DROP,"2,300.00",PREDNISOLONE EYE DROP,,"1,804.88",,   -     ,
PREDNISOLONE TAB PACKET,"2,400.00",PREDNISOLONE TAB PACKET,,"1,850.00",,"1,375.00",
PREGABALIN 75MG TAB,"4,400.00",PREGABALIN 75MG TAB,,"3,337.88",,94,
PRINALYN ADULT SYRUP,"1,200.00",PRINALYN ADULT SYRUP,,"1,000.00",,   -     ,
PRINALYN CHILD SYRUP,"1,200.00",PRINALYN CHILD SYRUP,,"1,000.00",,236,
PROMETHAZINE INJECTION,650,PROMETHAZINE INJECTION,,380,,   -     ,
PROMETHAZINE SYRUP BOTTLE,"2,000.00",PROMETHAZINE SYRUP BOTTLE,,"1,664.79",,   -     ,
PROMETHAZINE TABS,"3,200.00",PROMETHAZINE TABS,,"2,300.00",,35,
PROPRANOLOL TAB,"10,000.00",PROPRANOLOL TAB,,"9,880.00",,   -     ,
PROTEX SOAP 150G KUBWA,"2,350.00",PROTEX SOAP 150G KUBWA,,"2,222.00",,   -     ,
PROTEX SOAP 90G NDOGO,"1,750.00",PROTEX SOAP 90G NDOGO,,"1,440.00",,228,
PYRIDOXINE VITAMIN B6 60'S,"19,800.00",PYRIDOXINE VITAMIN B6 60'S,,"15,544.32",,14,
QUININE INJ 600MG,"1,650.00",QUININE INJ 600MG,,"1,000.00",,   -     ,
QUININE SYRUP 100ML BOTTLE,"1,850.00",QUININE SYRUP 100ML BOTTLE,,"1,517.49",,   -     ,
QUININE TAB,"12,500.00",QUININE TAB,,"9,298.71",,   -     ,
RABEPRAZOLE 30MG TABS,"1,850.00",RABEPRAZOLE 30MG TABS,,"2,000.00",,45,
RELCER GEL 100ML,"1,700.00",RELCER GEL 100ML,,"1,413.13",,268,
RELCER GEL 180ML,"3,550.00",RELCER GEL 180ML,,"3,113.12",,148,
REPACE - H 30's,"15,000.00",REPACE - H 30's,,"12,690.83",,49,
RINGER LACTATE (R.L),"1,200.00",RINGER LACTATE (R.L),,980,,49,
ROSUVASTATIN TABS 20MG,"12,500.00",ROSUVASTATIN TABS 20MG,,"9,000.00",,24,
ROUGH RIDER,"3,100.00",ROUGH RIDER,,"2,791.62",,   -     ,
SAFI CREAM TUBE,"2,950.00",SAFI CREAM TUBE,,"2,700.86",,1,
SALBUTAMOL INHALER,"3,990.00",SALBUTAMOL INHALER,,"3,500.00",,273,
SALBUTAMOL SYRUP BOTTLE,"1,100.00",SALBUTAMOL SYRUP BOTTLE,,800,,306,
SALBUTAMOL TAB  PACKET,"1,950.00",SALBUTAMOL TAB  PACKET,,"1,300.00",,189,
SALIMIA LINIMENT 60MLS,"2,900.00",SALIMIA LINIMENT 60MLS,,"2,485.00",,   -     ,
SCALP VEIN (BUTTERFLY),250,SCALP VEIN (BUTTERFLY),,150.16,,60,
SCOTT'S SYRUP ORANGE 100ML,"5,500.00",SCOTT'S SYRUP ORANGE 100ML,,"5,000.00",,6,
SCOTT'S SYRUP ORIGINAL 100ML,"5,500.00",SCOTT'S SYRUP ORIGINAL 100ML,,"5,000.00",,60,
SECNIDAZOLE TAB 2s PACKET,"1,100.00",SECNIDAZOLE TAB 2s PACKET,,800,,"1,518.00",
SEDITON SYRUP GREEN BOTTLE,"2,300.00",SEDITON SYRUP GREEN BOTTLE,,"2,100.00",,1,
SEDITON SYRUP YELLOW BOTTLE,"2,150.00",SEDITON SYRUP YELLOW BOTTLE,,"1,700.00",,   -     ,
SENSODYNE 100ML TUBE,"7,200.00",SENSODYNE 100ML TUBE,,"6,000.00",,   -     ,
SENSODYNE 40ML TUBE,"4,900.00",SENSODYNE 40ML TUBE,,"4,111.69",,   -     ,
SENSODYNE 75ML TUBE,"8,300.00",SENSODYNE 75ML TUBE,,"7,359.78",,   -     ,
SEPTRIN SYRUP 100ML BOTTLE,"1,000.00",SEPTRIN SYRUP 100ML BOTTLE,,880,,721,
SEPTRIN TAB KIJANI,"4,500.00",SEPTRIN TAB KIJANI,,"3,450.00",,1,
SEPTRIN TAB PKT,"3,250.00",SEPTRIN TAB PKT,,"2,665.67",,   -     ,
SILK,"1,500.00",SILK,,"1,248.05",,   -     ,
SILVER NITRIC PENCIL,"8,500.00",SILVER NITRIC PENCIL,,"7,150.00",,63,
SILVERKANT CREAM 15MG TUBE,"1,350.00",SILVERKANT CREAM 15MG TUBE,,"1,109.09",,   -     ,
SITCOM CREAM,"13,500.00",SITCOM CREAM,,"11,500.00",,3,
SITCOM TABS,"48,000.00",SITCOM TABS,,"36,069.99",,19,
SKDERM CREAM 15G  TUBE,"2,300.00",SKDERM CREAM 15G  TUBE,,"1,853.63",,324,
SKDERM CREAM 30G TUBE,"2,500.00",SKDERM CREAM 30G TUBE,,"2,115.91",,949,
SKTONE 100MLS BOTTLE,"2,100.00",SKTONE 100MLS BOTTLE,,"1,700.00",,7,
SKTONE 200ML BOTTLE,"3,600.00",SKTONE 200ML BOTTLE,,"3,100.00",,109,
SODIUM CROMOGLYCATE EYE DROP,"1,990.00",SODIUM CROMOGLYCATE EYE DROP,,"1,682.76",,159,
SOFT CARE NDOGO,"1,600.00",SOFT CARE NDOGO,,"1,500.00",,   -     ,
SOFTCARE PAD KUBWA,"1,600.00",SOFTCARE PAD KUBWA,,"1,500.00",,   -     ,
SONADERM CREAM 10G TUBE,"2,750.00",SONADERM CREAM 10G TUBE,,"2,398.25",,86,
SPIRIT 1 Lt,"3,600.00",SPIRIT 1 Lt,,"3,145.30",,23,
SPIRIT 500mls,"2,350.00",SPIRIT 500mls,,"2,000.00",,130,
SPIRIT 5LT,"23,000.00",SPIRIT 5LT,,"13,500.00",,14,
SPIRONOLACTONE TAB 25MG,"7,300.00",SPIRONOLACTONE TAB 25MG,,"5,808.37",,4,
SULPHADAR TABS 3s PKT,850,SULPHADAR TABS 3s PKT,,759.81,,"7,684.00",
SULPHUR OINTMENT TUBE,"1,150.00",SULPHUR OINTMENT TUBE,,853.56,,117,
SURGICAL BLADES 24G,"14,000.00",SURGICAL BLADES 24G,,"10,500.00",,3,
SYRINGE 10CC,170,SYRINGE 10CC,,140,,"49,249.00",
SYRINGE 20 cc,550,SYRINGE 20 cc,,465,,140,
SYRINGE 2CC,100,SYRINGE 2CC,,85,,80,
SYRINGE 50ML FEEDING,600,SYRINGE 50ML FEEDING,,490,,63,
SYRINGE 5CC,100,SYRINGE 5CC,,50,,"18,045.00",
TAMSULOSINE TAB,"11,900.00",TAMSULOSINE TAB,,"8,300.00",,233,
TASOL GM,"1,900.00",TASOL GM,,"3,672.13",,46,
TELMISARTAN-H TABS 80MG 30'S,"9,500.00",TELMISARTAN-H TABS 80MG 30'S,,"8,762.94",,13,
TELMISARTAN TABS 40MG 30'S,"8,900.00",TELMISARTAN TABS 40MG 30'S,,"6,832.36",,66,
TELMISARTAN TABS 80MG,"8,900.00",TELMISARTAN TABS 80MG,,"7,800.00",,57,
TERBINAFINE CREAM TUBE,"2,550.00",TERBINAFINE CREAM TUBE,,"1,990.00",,409,
TERMIDOL SYRUP,"2,100.00",TERMIDOL SYRUP,,"1,800.00",,142,
TETMOSOL SOAP 100G,"1,900.00",TETMOSOL SOAP 100G,,"1,500.00",,328,
TETMOSOL SOAP 75G,"2,200.00",TETMOSOL SOAP 75G,,"1,348.11",,   -     ,
TETRACYCLINE CAP,"7,400.00",TETRACYCLINE CAP,,"5,522.84",,219,
TETRACYCLINE EYE OINTMENT TUBE,750,TETRACYCLINE EYE OINTMENT TUBE,,650,,"1,950.00",
TETRACYCLINE SKIN OINTMENT TUBE,900,TETRACYCLINE SKIN OINTMENT TUBE,,607.12,,   -     ,
TIMOLOL EYE DROP,"2,100.00",TIMOLOL EYE DROP,,"1,750.00",,296,
TINIDAZOLE TABS 4S PACKET,400,TINIDAZOLE TABS 4S PACKET,,252.67,,"3,815.00",
TIZANIDINE TABS,"5,900.00",TIZANIDINE TABS,,"4,500.00",,7,
TOFFPLUS CAPS 20s PACKET,"4,250.00",TOFFPLUS CAPS 20s PACKET,,"3,000.00",,47,
TOSSIL,"1,800.00",TOSSIL,,"1,600.00",,140,
TOTOLYN SYRUP,"1,450.00",TOTOLYN SYRUP,,"1,128.65",,204,
TRAMADOL CAP,"5,900.00",TRAMADOL CAP,,"4,824.10",,93,
TRAMADOL INJ,"1,250.00",TRAMADOL INJ,,858.26,,511,
TRANEXAMIC ACID INJ,"1,800.00",TRANEXAMIC ACID INJ,,"1,329.19",,50,
TRANEXAMIC ACID TABS,"7,000.00",TRANEXAMIC ACID TABS,,"5,400.00",,59,
TRIAMCINOLONE INJECTION,"3,900.00",TRIAMCINOLONE INJECTION,,"2,950.00",,10,
TRUSTLY /FLEX P/ FAMILIA COC TA,900,TRUSTLY /FLEX P/ FAMILIA COC TA,,655.89,,186,
UPT PACKET,150,UPT PACKET,,93.78,,"18,129.00",
URINE BAG,750,URINE BAG,,550,,230,
VASELINE JELLY 95MLS,"3,000.00",VASELINE JELLY 95MLS,,"2,462.89",,   -     ,
VASOGRAIN TAB,"5,000.00",VASOGRAIN TAB,,"4,200.00",,   -     ,
VICRY NO. 2,"2,500.00",VICRY NO. 2,,"2,019.98",,52,
VIGOMAX FORTE TAB,"11,500.00",VIGOMAX FORTE TAB,,"8,362.32",,   -     ,
VIGOR DOCTOR  100G,"1,500.00",VIGOR DOCTOR  100G,,"1,223.00",,   -     ,
VIRUTUBISHO,"4,500.00",VIRUTUBISHO,,   -     ,,   -     ,
VISKING HERBAL SYRUP,"2,100.00",VISKING HERBAL SYRUP,,"1,625.00",,   -     ,
VISKING LOZENGES,"17,500.00",VISKING LOZENGES,,"15,950.00",,   -     ,
VISKING RUBB KUBWA 25G,800,VISKING RUBB KUBWA 25G,,666,,   -     ,
VISKING RUBB NDOGO 4GM,250,VISKING RUBB NDOGO 4GM,,167,,   -     ,
VITAMIN B INJECTION,"1,500.00",VITAMIN B INJECTION,,"1,300.00",,8,
VITAMIN B SYRUP 100ML BOTTLE,"1,200.00",VITAMIN B SYRUP 100ML BOTTLE,,950,,7,
VITAMIN B TAB BLISTER,"1,700.00",VITAMIN B TAB BLISTER,,"1,315.22",,296,
VITAMIN C TAB BLISTER,"9,800.00",VITAMIN C TAB BLISTER,,"6,110.36",,143,
VITAMIN D3 5000IU,"8,000.00",VITAMIN D3 5000IU,,"4,000.00",,6,
VITAMIN K INJECTION.,"6,400.00",VITAMIN K INJECTION.,,"4,671.43",,46,
VIVIAN GEL TUBE,"3,300.00",VIVIAN GEL TUBE,,"3,102.95",,99,
VIVIAN PLUS TAB PKT,"7,000.00",VIVIAN PLUS TAB PKT,,"6,250.00",,   -     ,
VOLIN GEL TUBE,"3,650.00",VOLIN GEL TUBE,,"1,900.00",,65,
VOMIDOXINE TAB,"2,650.00",VOMIDOXINE TAB,,"2,133.00",,25,
WATER FOR INJ 10ML VIAL,100,WATER FOR INJ 10ML VIAL,,71.4,,"1,295.00",
WATER GUARD TAB,"6,800.00",WATER GUARD TAB,,   -     ,,   -     ,
WHITEFIELD KOPO,750,WHITEFIELD KOPO,,650,,15,
WHITEFIELD OINTMENT TUBE,750,WHITEFIELD OINTMENT TUBE,,598.32,,361,
XYLOMETAZOLINE NASAL DROPS,"1,600.00",XYLOMETAZOLINE NASAL DROPS,,"1,000.00",,   -     ,
ZECUF LOZENGES 2s,"2,950.00",ZECUF LOZENGES 2s,,"2,750.00",,   -     ,
ZECUF SYRUP BOTTLE,"2,100.00",ZECUF SYRUP BOTTLE,,"1,800.00",,376,
ZENDEX TAB,"5,500.00",ZENDEX TAB,,"5,000.00",,   -     ,
ZENKOF SYRUP BOTTLE,"2,350.00",ZENKOF SYRUP BOTTLE,,"2,100.00",,   -     ,
ZENTEL SYRUP,"4,850.00",ZENTEL SYRUP,,"4,938.60",,   -     ,
ZENTEL TAB PACKET,"5,000.00",ZENTEL TAB PACKET,,"4,700.00",,65,
ZENTUSS SYRUP 100ML BOTTLE,"2,200.00",ZENTUSS SYRUP 100ML BOTTLE,,"1,900.00",,   -     ,
ZENYLIN SYRUP BOTTLE,"2,350.00",ZENYLIN SYRUP BOTTLE,,"2,123.30",,109,
ZOA ZOA NDOGO,550,ZOA ZOA NDOGO,,500,,   -     ,
ZOAZOA SOAP,"1,150.00",ZOAZOA SOAP,,"1,389.00",,   -     ,
